name,phone,whatsapp,address,area,city,rating,reviews,categories,lat,lon,pincode,docid,weburl,rating_ln,images,verified,paid_status
Starlight Model and Talent Management Pvt Ltd,09845225726,,Behind Oshiwara Police Station Andheri West,Om Heera Panna Premises Co-operative Society Ltd. Andheri West,Mumbai,4.1,46 Ratings,"Event Management Companies, Birthday Party Organisers",19.142747222222,72.830772222222,400053,022PXX22.XX22.120804165950.S8Q1,https://www.justdial.com/Mumbai/Starlight-Model-and-Talent-Management-Pvt-Ltd-Behind-Oshiwara-Police-Station-Andheri-West/022PXX22-XX22-120804165950-S8Q1_BZDET,4.1,https://content.jdmagicbox.com/v2/comp/mumbai/q1/022pxx22.xx22.120804165950.s8q1/catalogue/starlight-model-and-talent-management-pvt-ltd-andheri-west-mumbai-celebrity-management-services-1pdnqmb.jpg;https://content.jdmagicbox.com/v2/comp/mumbai/q1/022pxx22.xx22.120804165950.s8q1/catalogue/starlight-model-and-talent-management-pvt-ltd-andheri-west-mumbai-celebrity-management-services-prbi2x6egu.jpg;https://content.jdmagicbox.com/v2/comp/mumbai/q1/022pxx22.xx22.120804165950.s8q1/catalogue/starlight-model-and-talent-management-pvt-ltd-andheri-west-mumbai-celebrity-management-services-d19rpgjivq.jpg;https://content.jdmagicbox.com/comp/mumbai/q1/022pxx22.xx22.120804165950.s8q1/catalogue/starlight-model-and-talent-management-pvt-ltd-andheri-west-mumbai-celebrity-management-services-ouya36u6go.jpg;https://content.jdmagicbox.com/v2/comp/mumbai/q1/022pxx22.xx22.120804165950.s8q1/catalogue/starlight-model-and-talent-management-pvt-ltd-andheri-west-mumbai-celebrity-management-services-jkjmgd3dyg.jpg,1,1
Hirens Harmony Events & Jalsa Entertainment,08128580736,,Near Param Keshav Baug Marriage Hall Ghatkopar West,Naurojee Lane Ghatkopar West,Mumbai,3.9,14 Ratings,"Photographers, Balloon Decorators",19.0856277778,72.9039,400086,022PXX22.XX22.100322120329.W9U6,https://www.justdial.com/Mumbai/Hirens-Harmony-Events-Jalsa-Entertainment-Near-Param-Keshav-Baug-Marriage-Hall-Ghatkopar-West/022PXX22-XX22-100322120329-W9U6_BZDET,3.9,https://content.jdmagicbox.com/v2/comp/mumbai/u6/022pxx22.xx22.100322120329.w9u6/catalogue/hirens-harmony-events-and-jalsa-entertainment-ghatkopar-west-mumbai-balloon-decorators-1zutg4g.jpg;https://content.jdmagicbox.com/v2/comp/mumbai/u6/022pxx22.xx22.100322120329.w9u6/catalogue/hirens-harmony-events-and-jalsa-entertainment-ghatkopar-west-mumbai-balloon-decorators-3y14ezv.jpg;https://content.jdmagicbox.com/v2/comp/mumbai/u6/022pxx22.xx22.100322120329.w9u6/catalogue/hirens-harmony-events-and-jalsa-entertainment-ghatkopar-west-mumbai-balloon-decorators-3xhw8wn.jpg;https://content.jdmagicbox.com/v2/comp/mumbai/u6/022pxx22.xx22.100322120329.w9u6/catalogue/hirens-harmony-events-and-jalsa-entertainment-ghatkopar-west-mumbai-balloon-decorators-24tn6hl.jpg;https://content.jdmagicbox.com/v2/comp/mumbai/u6/022pxx22.xx22.100322120329.w9u6/catalogue/hirens-harmony-events-and-jalsa-entertainment-ghatkopar-west-mumbai-balloon-decorators-2erau2g.jpg,1,1
Param Konark,09845205493,,Near Bahar Cinema Andheri East,J M Marg Andheri East,Mumbai,3.5,13 Ratings,"Event Organisers, Event Management Companies",19.111564,72.8532371,400069,022PXX22.XX22.110222112930.C2V2,https://www.justdial.com/Mumbai/Param-Konark-Near-Bahar-Cinema-Andheri-East/022PXX22-XX22-110222112930-C2V2_BZDET,3.5,https://content.jdmagicbox.com/v2/comp/mumbai/v2/022pxx22.xx22.110222112930.c2v2/catalogue/param-konark-andheri-east-mumbai-event-organisers-ch2sa8bw2v.jpg;https://content.jdmagicbox.com/v2/comp/mumbai/v2/022pxx22.xx22.110222112930.c2v2/catalogue/param-konark-andheri-east-mumbai-phenyl-manufacturers-qc0975tn0g.jpg,1,1
Ezilon Media Pvt. Ltd.,09845447291,, Thane West,Thane West,mumbai,4.7,16 Ratings,"Digital Marketing Services, Advertising Agencies",19.1913675,72.9678057,400602,022PXX22.XX22.160418160312.A1S6,https://www.justdial.com/Thane/Ezilon-Media-Pvt-Ltd-Thane-West/022PXX22-XX22-160418160312-A1S6_BZDET,4.7,https://content.jdmagicbox.com/v2/comp/thane/s6/022pxx22.xx22.160418160312.a1s6/catalogue/ezilon-media-pvt-ltd--thane-west-thane-social-media-marketing-agencies-7uq3cjy0m9.jpg;https://content.jdmagicbox.com/v2/comp/mumbai/s6/022pxx22.xx22.160418160312.a1s6/catalogue/ezilon-media-pvt-ltd-thane-west-thane-social-media-marketing-agencies-03gq9rl4ya.jpg;https://content.jdmagicbox.com/v2/comp/mumbai/s6/022pxx22.xx22.160418160312.a1s6/catalogue/ezilon-media-pvt-ltd-thane-west-thane-social-media-marketing-agencies-w1y97zc5q4.jpg;https://content.jdmagicbox.com/v2/comp/mumbai/s6/022pxx22.xx22.160418160312.a1s6/catalogue/ezilon-media-pvt-ltd-thane-west-thane-social-media-marketing-agencies-m6sdvx4s0r.jpg;https://content.jdmagicbox.com/v2/comp/mumbai/s6/022pxx22.xx22.160418160312.a1s6/catalogue/ezilon-media-pvt-ltd-thane-west-thane-social-media-marketing-agencies-9kmyvod602.jpg,1,1
Shaan Institute,08401235697,,Behind Kausa Lake and Near Shimla Park Mumbra,Kausa Tallao Palli Mumbra,mumbai,4.8,369 Ratings,"Beauty Parlours, Women Beauty Parlours",19.165772222222,73.0298,400612,022PXX22.XX22.161226204802.A4L3,https://www.justdial.com/Thane/Shaan-Institute-Behind-Kausa-Lake-And-Near-Shimla-Park-Mumbra/022PXX22-XX22-161226204802-A4L3_BZDET,4.8,https://content.jdmagicbox.com/v2/comp/mumbai/l3/022pxx22.xx22.161226204802.a4l3/catalogue/shaan-institute-mumbra-thane-computer-training-institutes-for-basic-q4tq01v6ja.jpg;https://content.jdmagicbox.com/v2/comp/mumbai/l3/022pxx22.xx22.161226204802.a4l3/catalogue/shaan-institute-mumbra-mumbai-computer-training-institutes-for-basic-obmob3daiz.jpg;https://content.jdmagicbox.com/v2/comp/mumbai/l3/022pxx22.xx22.161226204802.a4l3/catalogue/shaan-institute-mumbra-thane-beauty-parlours-mg9hch3t88.jpg;https://content.jdmagicbox.com/v2/comp/mumbai/l3/022pxx22.xx22.161226204802.a4l3/catalogue/shaan-institute-mumbra-thane-computer-training-institutes-for-basic-k9apy444yp.jpg;https://content.jdmagicbox.com/v2/comp/mumbai/l3/022pxx22.xx22.161226204802.a4l3/catalogue/shaan-institute-mumbra-thane-computer-training-institutes-for-basic-ctqh7fc99w.jpg,1,1
The Event Carpenter,08123436736,,Rd Ambamata Udaipur Gourela Rajasthan Malla Talai,Ambamata Temple Malla Talai,udaipur-rajasthan,5,6 Ratings,"Event Organisers, Wedding Planners",24.583943879566,73.661400892061,313001,9999PX294.X294.260514124144.C2J5,https://www.justdial.com/Udaipur-Rajasthan/The-Event-Carpenter-Rd-Ambamata-Udaipur-Gourela-Rajasthan-Malla-Talai/9999PX294-X294-260514124144-C2J5_BZDET,5,https://content.jdmagicbox.com/v2/comp/udaipur-rajasthan/j5/9999px294.x294.260514124144.c2j5/catalogue/the-event-carpenter-malla-talai-udaipur-rajasthan-event-organisers-bswygkdn99.jpg;https://content.jdmagicbox.com/v2/comp/udaipur-rajasthan/j5/9999px294.x294.260514124144.c2j5/catalogue/the-event-carpenter-malla-talai-udaipur-rajasthan-event-organisers-4c21sraous.jpg;https://content.jdmagicbox.com/v2/comp/udaipur-rajasthan/j5/9999px294.x294.260514124144.c2j5/catalogue/6lmyfk5taaufi13-9431vkt68k.jpg;https://content.jdmagicbox.com/v2/comp/udaipur-rajasthan/j5/9999px294.x294.260514124144.c2j5/catalogue/q9y2g6jqnlrz6q8-ev46unq1gi.jpg;https://content.jdmagicbox.com/v2/comp/udaipur-rajasthan/j5/9999px294.x294.260514124144.c2j5/catalogue/the-event-carpenter-malla-talai-udaipur-rajasthan-event-organisers-975z0zi0vn.jpg,1,1
Brio Weddings and Events,07383725503,, Udaipur Surajpole,100 Feet Road Udaipur Surajpole,Udaipur-rajasthan,4.9,205 Ratings,"Event Organisers, Caterers",24.5786908611,73.6920730833,313001,9999PXXXX.XXXX.100925152549.X2I7,https://www.justdial.com/Udaipur-Rajasthan/Brio-Weddings-and-Events-Udaipur-Surajpole/9999PXXXX-XXXX-100925152549-X2I7_BZDET,4.9,https://content.jdmagicbox.com/comp/udaipur-rajasthan/i7/9999pxxxx.xxxx.100925152549.x2i7/catalogue/brio-weddings-and-events-udaipur-city-udaipur-rajasthan-event-organisers-csu93ukg3d.jpg;https://content.jdmagicbox.com/comp/udaipur-rajasthan/i7/9999pxxxx.xxxx.100925152549.x2i7/catalogue/brio-weddings-and-events-udaipur-city-udaipur-rajasthan-event-organisers-fkfes2puus.jpg;https://content.jdmagicbox.com/comp/udaipur-rajasthan/i7/9999pxxxx.xxxx.100925152549.x2i7/catalogue/brio-weddings-and-events-udaipur-city-udaipur-rajasthan-event-organisers-cslcszjase.jpg;https://content.jdmagicbox.com/comp/udaipur-rajasthan/i7/9999pxxxx.xxxx.100925152549.x2i7/catalogue/brio-weddings-and-events-udaipur-city-udaipur-rajasthan-event-organisers-nm81sxworx.jpg;https://content.jdmagicbox.com/comp/udaipur-rajasthan/i7/9999pxxxx.xxxx.100925152549.x2i7/catalogue/brio-weddings-and-events-udaipur-city-udaipur-rajasthan-event-organisers-yvm7wz918a.jpg,1,1
Majestical Events,09035274985,,Opp Old Tata Showroom and Inside Hotel Pravas Residency Madhuban,Balicha Main Road Madhuban,Udaipur-Rajasthan,5,10 Ratings,"Event Organisers, Wedding Planners",24.580458,73.714858,313004,9999PX294.X294.150107163116.Z2K5,https://www.justdial.com/Udaipur-Rajasthan/Majestical-Events-Opp-Old-Tata-Showroom-And-Inside-Hotel-Pravas-Residency-Madhuban/9999PX294-X294-150107163116-Z2K5_BZDET,5,https://content.jdmagicbox.com/comp/udaipur-rajasthan/k5/9999px294.x294.150107163116.z2k5/catalogue/majestical-events-udaipur-ho-udaipur-rajasthan-event-organisers-uv36rxkh5q.jpg;https://content.jdmagicbox.com/v2/comp/udaipur-rajasthan/k5/9999px294.x294.150107163116.z2k5/catalogue/majestical-events-udaipur-ho-udaipur-rajasthan-event-organisers-q6e25bpt9j.jpg;https://content.jdmagicbox.com/comp/udaipur-rajasthan/k5/9999px294.x294.150107163116.z2k5/catalogue/majestical-events-udaipur-ho-udaipur-rajasthan-event-organisers-2ie1sq4ujj.jpg;https://content.jdmagicbox.com/v2/comp/udaipur-rajasthan/k5/9999px294.x294.150107163116.z2k5/catalogue/majestical-events-udaipur-ho-udaipur-rajasthan-event-organisers-g2t4x6hc2t.jpg;https://content.jdmagicbox.com/comp/udaipur-rajasthan/k5/9999px294.x294.150107163116.z2k5/catalogue/majestical-events-udaipur-ho-udaipur-rajasthan-event-organisers-1zij50l0sj.jpg,1,1
Bask Entertainment Co. Pvt Ltd,08460562689,, Sardarpura,Jodhpur Sardarpura,Udaipur-Rajasthan,4.6,51 Ratings,"Event Organisers, Wedding Planners",24.5607513,73.7141956,313001,9999PX294.X294.121222164837.V7Y3,https://www.justdial.com/Udaipur-Rajasthan/Bask-Entertainment-Co-Pvt-Ltd-Sardarpura/9999PX294-X294-121222164837-V7Y3_BZDET,4.6,https://content.jdmagicbox.com/comp/udaipur-rajasthan/y3/9999px294.x294.121222164837.v7y3/catalogue/bask-entertainment-co-pvt-ltd-udaipur-city-udaipur-rajasthan-event-organisers-25nmh.jpg;https://content.jdmagicbox.com/comp/udaipur-rajasthan/y3/9999px294.x294.121222164837.v7y3/catalogue/bask-entertainment-co-pvt-ltd-udaipur-city-udaipur-rajasthan-event-organisers-zmqf9.jpg;https://content.jdmagicbox.com/v2/comp/service_catalogue/event-management-companies-for-video-conferencing-9999px294.x294.121222164837.v7y3-gzdlw48.jpg;https://content.jdmagicbox.com/comp/udaipur-rajasthan/y3/9999px294.x294.121222164837.v7y3/catalogue/bask-entertainment-co-pvt-ltd-udaipur-city-udaipur-rajasthan-event-organisers-3apmn.jpg;https://content.jdmagicbox.com/comp/service_catalogue/event-organisers-for-corporate-9999px294.x294.121222164837.v7y3-0ye9kvo.jpg,1,1
G.L.Enterprises,08105040971,,Near M Tax Factory Back Side Badgaon,Loyara Road Badgaon,udaipur-rajasthan,4.8,16 Ratings,"Air Coolers On Rent, Wedding Planners",24.6592967,73.6476103,313011,9999PX294.X294.230105110109.D3Z5,https://www.justdial.com/Udaipur-Rajasthan/GLEnterprises-Near-M-Tax-Factory-Back-Side-Badgaon/9999PX294-X294-230105110109-D3Z5_BZDET,4.8,https://content.jdmagicbox.com/comp/udaipur-rajasthan/z5/9999px294.x294.230105110109.d3z5/catalogue/g-l-enterprises-badgaon-udaipur-rajasthan-air-coolers-on-rent-l7d7d7a4ah.jpg;https://content.jdmagicbox.com/comp/udaipur-rajasthan/z5/9999px294.x294.230105110109.d3z5/catalogue/g-l-enterprises-badgaon-udaipur-rajasthan-air-coolers-on-rent-cqp6f7vgme.jpg;https://content.jdmagicbox.com/v2/comp/udaipur-rajasthan/z5/9999px294.x294.230105110109.d3z5/catalogue/g-l-enterprises-badgaon-udaipur-rajasthan-air-coolers-on-rent-73ve6lcowv.jpg;https://content.jdmagicbox.com/comp/udaipur-rajasthan/z5/9999px294.x294.230105110109.d3z5/catalogue/g-l-enterprises-badgaon-udaipur-rajasthan-air-coolers-on-rent-zvjp21sab9.jpg;https://content.jdmagicbox.com/comp/udaipur-rajasthan/z5/9999px294.x294.230105110109.d3z5/catalogue/g-l-enterprises-badgaon-udaipur-rajasthan-air-coolers-on-rent-5t9zmlv8v9.jpg,1,1
Soni Event and Wedding Organiser,07204989455,,Amba Mata Ambamata,Jamphal Badi Ambamata,udaipur-rajasthan,5,2 Ratings,"Event Organisers, Caterers",24.617565138889,73.7057495,313001,9999PX294.X294.230507184035.J2D4,https://www.justdial.com/Udaipur-Rajasthan/Soni-Event-and-Wedding-Organiser-Amba-Mata-Ambamata/9999PX294-X294-230507184035-J2D4_BZDET,5,https://content.jdmagicbox.com/comp/def_content/caterers/default-caterers-17.jpg,1,1
Narbada Decor & Events,08401624416,,Near Jan Hospital Sojat Marg Pali Sojat Bazar,Branch Office Naya Gaon Sojat Bazar,sojat,4.9,118 Ratings,"Caterers, Tent House",25.9267999,73.6711721,306104,9999P2960.2960.191231203927.D1T7,https://www.justdial.com/Sojat/Narbada-Decor-Events-Near-Jan-Hospital-Sojat-Marg-Pali-Sojat-Bazar/9999P2960-2960-191231203927-D1T7_BZDET,4.9,https://content.jdmagicbox.com/comp/sojat/t7/9999p2960.2960.191231203927.d1t7/catalogue/narbada-decoraters-sojat-city-sojat-yxst8o6cab.jpg;https://content.jdmagicbox.com/v2/comp/sojat/t7/9999p2960.2960.191231203927.d1t7/catalogue/narbada-decor-and-events-sojat-bazar-sojat-caterers-m3c2hp9s5d.jpg;https://content.jdmagicbox.com/comp/sojat/t7/9999p2960.2960.191231203927.d1t7/catalogue/narbada-decoraters-sojat-city-sojat-ydrjdhmrel.jpg;https://content.jdmagicbox.com/v2/comp/sojat/t7/9999p2960.2960.191231203927.d1t7/catalogue/narbada-decor-and-events-sojat-bazar-sojat-caterers-l5q2zz10xq.jpg;https://content.jdmagicbox.com/comp/sojat/t7/9999p2960.2960.191231203927.d1t7/catalogue/narbada-decoraters-sojat-city-sojat-osi47k6qlf.jpg,1,1
All In One Event,08401427254,, South Tukoganj,234/B 2nd Floor18 MG Road Trade Centre South Tukoganj,indore,4,74 Ratings,"Event Organisers, Anchoring Services",22.7482975,75.8769702,452001,0731PX731.X731.240827115516.D2G6,https://www.justdial.com/Indore/All-In-One-Event-South-Tukoganj/0731PX731-X731-240827115516-D2G6_BZDET,4,https://content.jdmagicbox.com/v2/comp/indore/g6/0731px731.x731.240827115516.d2g6/catalogue/all-in-one-event-south-tukoganj-indore-event-organisers-qcv13tg4i5.jpg;https://content.jdmagicbox.com/v2/comp/indore/g6/0731px731.x731.240827115516.d2g6/catalogue/all-in-one-event-south-tukoganj-indore-event-organisers-6a39l0a6sh.jpg;https://content.jdmagicbox.com/v2/comp/indore/g6/0731px731.x731.240827115516.d2g6/catalogue/all-in-one-event-south-tukoganj-indore-event-organisers-3n17ud2ibu.jpg;https://content.jdmagicbox.com/v2/comp/nabarangpur/g6/0731px731.x731.240827115516.d2g6/catalogue/all-in-one-event-south-tukoganj-indore-event-organisers-6o07psy0t3.jpg;https://content.jdmagicbox.com/v2/comp/indore/g6/0731px731.x731.240827115516.d2g6/catalogue/all-in-one-event-south-tukoganj-indore-event-organisers-yks7ml9xa7.jpg,1,1
Khamma Ghani Events,07487880453,,Near Balaji Marg Chopasni Housing Board,Near PF Office Chopasni Housing Board,jodhpur,5,49 Ratings,"Event Organisers, Event Management Companies",26.2713693,73.007142,342008,0291PX291.X291.251028180736.R5L4,https://www.justdial.com/Jodhpur/Khamma-Ghani-Events-Near-Balaji-Marg-Chopasni-Housing-Board/0291PX291-X291-251028180736-R5L4_BZDET,5,https://content.jdmagicbox.com/v2/comp/jodhpur/l4/0291px291.x291.251028180736.r5l4/catalogue/khamma-ghani-events-chopasni-housing-board-jodhpur-event-organisers-9iooduhwps.jpg;https://content.jdmagicbox.com/v2/comp/jodhpur/l4/0291px291.x291.251028180736.r5l4/catalogue/khamma-ghani-events-chopasni-housing-board-jodhpur-event-organisers-fxzyfolgjd.jpg;https://content.jdmagicbox.com/v2/comp/jodhpur/l4/0291px291.x291.251028180736.r5l4/catalogue/khamma-ghani-events-chopasni-housing-board-jodhpur-event-organisers-j13z4dvn56.jpg;https://content.jdmagicbox.com/v2/comp/jodhpur/l4/0291px291.x291.251028180736.r5l4/catalogue/khamma-ghani-events-chopasni-housing-board-jodhpur-event-organisers-p90r7x7gzo.jpg;https://content.jdmagicbox.com/v2/comp/jodhpur/l4/0291px291.x291.251028180736.r5l4/catalogue/khamma-ghani-events-chopasni-housing-board-jodhpur-event-organisers-nwkovzwxm6.jpg,1,1
Rajwadi Event & Wedding Planner,08123688397,,Behind Heera Petrol Pump Gumanpura,Bhilwara Gumanpura,kota-rajasthan,4.3,23 Ratings,"Event Organisers, Anchoring Services",25.1504723,75.8552662,324007,9999PX744.X744.230806215639.B8S9,https://www.justdial.com/Kota-Rajasthan/Rajwadi-Event-Wedding-Planner-Behind-Heera-Petrol-Pump-Gumanpura/9999PX744-X744-230806215639-B8S9_BZDET,4.3,https://content.jdmagicbox.com/comp/kota-rajasthan/s9/9999px744.x744.230806215639.b8s9/catalogue/rajwadi-event-and-wedding-planner-gumanpura-kota-rajasthan-event-organisers-8w1kta449p.jpg;https://content.jdmagicbox.com/comp/kota-rajasthan/s9/9999px744.x744.230806215639.b8s9/catalogue/rajwadi-event-and-wedding-planner-gumanpura-kota-rajasthan-event-organisers-ld8fcyivww.jpg;https://content.jdmagicbox.com/comp/kota-rajasthan/s9/9999px744.x744.230806215639.b8s9/catalogue/rajwadi-event-and-wedding-planner-gumanpura-kota-rajasthan-event-organisers-lc0w4fzn2v.jpg;https://content.jdmagicbox.com/comp/kota-rajasthan/s9/9999px744.x744.230806215639.b8s9/catalogue/rajwadi-event-and-wedding-planner-gumanpura-kota-rajasthan-event-organisers-1poq0drkpe.jpg;https://content.jdmagicbox.com/comp/kota-rajasthan/s9/9999px744.x744.230806215639.b8s9/catalogue/rajwadi-event-and-wedding-planner-gumanpura-kota-rajasthan-event-organisers-dt95011iv6.jpg,1,1
Narayan Events & Tents,07048202934,, Hiran Magri,Sector 6 Hiran Magri,udaipur-rajasthan,5,8 Ratings,"Event Organisers, Wedding Planners",24.543109,73.6948234,313002,9999PX294.X294.260312131233.D1S7,https://www.justdial.com/Udaipur-Rajasthan/Narayan-Events-Tents-Hiran-Magri/9999PX294-X294-260312131233-D1S7_BZDET,5,https://content.jdmagicbox.com/v2/comp/udaipur-rajasthan/s7/9999px294.x294.260312131233.d1s7/catalogue/narayan-events-and-tents-hiran-magri-udaipur-rajasthan-event-organisers-j12ykrvvcj.jpg;https://content.jdmagicbox.com/v2/comp/udaipur-rajasthan/s7/9999px294.x294.260312131233.d1s7/catalogue/narayan-events-and-tents-hiran-magri-udaipur-rajasthan-event-organisers-ke7yqjw1lf.jpg;https://content.jdmagicbox.com/v2/comp/udaipur-rajasthan/s7/9999px294.x294.260312131233.d1s7/catalogue/narayan-events-and-tents-hiran-magri-udaipur-rajasthan-event-organisers-3eisur6376.jpg;https://content.jdmagicbox.com/v2/comp/udaipur-rajasthan/s7/9999px294.x294.260312131233.d1s7/catalogue/narayan-events-and-tents-hiran-magri-udaipur-rajasthan-event-organisers-ag38y543tf.jpg;https://content.jdmagicbox.com/v2/comp/udaipur-rajasthan/s7/9999px294.x294.260312131233.d1s7/catalogue/narayan-events-and-tents-hiran-magri-udaipur-rajasthan-event-organisers-v1djfwaxn1.jpg,1,6
Surprise Planner,07383236116,, Savina,Murshid Nagar Main Road Savina,udaipur-rajasthan,5,3 Ratings,"Event Organisers, Photographers",24.549172064079,73.708341388478,313002,9999PX294.X294.260407115457.H7P3,https://www.justdial.com/Udaipur-Rajasthan/Surprise-Planner-Savina/9999PX294-X294-260407115457-H7P3_BZDET,5,https://content.jdmagicbox.com/v2/comp/udaipur-rajasthan/p3/9999px294.x294.260407115457.h7p3/catalogue/surprise-planer-savina-udaipur-rajasthan-event-organisers-jpq54makxf.jpg;https://content.jdmagicbox.com/v2/comp/udaipur-rajasthan/p3/9999px294.x294.260407115457.h7p3/catalogue/surprise-planer-savina-udaipur-rajasthan-event-organisers-ml7ynvtlmj.jpg;https://content.jdmagicbox.com/v2/comp/udaipur-rajasthan/p3/9999px294.x294.260407115457.h7p3/catalogue/surprise-planer-savina-udaipur-rajasthan-event-organisers-7jisazdfe7.jpg;https://content.jdmagicbox.com/v2/comp/udaipur-rajasthan/p3/9999px294.x294.260407115457.h7p3/catalogue/surprise-planer-savina-udaipur-rajasthan-event-organisers-ntuue8p7uz.jpg;https://content.jdmagicbox.com/v2/comp/udaipur-rajasthan/p3/9999px294.x294.260407115457.h7p3/catalogue/surprise-planer-savina-udaipur-rajasthan-event-organisers-ji8i4ut7lz.jpg,1,6
The Perfect Wedding,09972304458,,Near By Mewad Hotal Sajjan Nagar,Road Udaipur Sajjan Nagar,udaipur-rajasthan,4.9,81 Ratings,"Photographers, Pre Wedding Photographers",24.588389,73.656389,313001,9999PX294.X294.240705165018.C8Y4,https://www.justdial.com/Udaipur-Rajasthan/The-Perfect-Wedding-Near-By-Mewad-Hotal-Sajjan-Nagar/9999PX294-X294-240705165018-C8Y4_BZDET,4.9,https://content.jdmagicbox.com/v2/comp/udaipur-rajasthan/y4/9999px294.x294.240705165018.c8y4/catalogue/the-perfect-wedding-sajjan-nagar-udaipur-rajasthan-photographers-jlc1b6vex5.jpg;https://content.jdmagicbox.com/v2/comp/udaipur-rajasthan/y4/9999px294.x294.240705165018.c8y4/catalogue/the-perfect-wedding-sajjan-nagar-udaipur-rajasthan-photographers-36s2xk7cn3.jpg;https://content.jdmagicbox.com/v2/comp/udaipur-rajasthan/y4/9999px294.x294.240705165018.c8y4/catalogue/the-perfect-wedding-sajjan-nagar-udaipur-rajasthan-photographers-gj0tcyyywp.jpg;https://content.jdmagicbox.com/v2/comp/udaipur-rajasthan/y4/9999px294.x294.240705165018.c8y4/catalogue/the-perfect-wedding-sajjan-nagar-udaipur-rajasthan-photographers-ai1dzmscjv.jpg;https://content.jdmagicbox.com/v2/comp/udaipur-rajasthan/y4/9999px294.x294.240705165018.c8y4/catalogue/the-perfect-wedding-sajjan-nagar-udaipur-rajasthan-photographers-3g925f17nx.jpg,1,6
Rupali Tent & Events,08904584146,,Near Dudhya Ganesh Temple Udaipur Surajpole,Mulla Talai Udaipur Surajpole,Udaipur-Rajasthan,4.3,13 Ratings,"Event Organisers, Caterers",24.583652777778,73.662816666667,313001,9999PX294.X294.140119190027.Q9A2,https://www.justdial.com/Udaipur-Rajasthan/Rupali-Tent-Events-Near-Dudhya-Ganesh-Temple-Udaipur-Surajpole/9999PX294-X294-140119190027-Q9A2_BZDET,4.3,https://content.jdmagicbox.com/comp/udaipur-rajasthan/a2/9999px294.x294.140119190027.q9a2/catalogue/rupali-tent-and-events-udaipur-city-udaipur-rajasthan-caterers-01h24n9.jpg;https://content.jdmagicbox.com/comp/udaipur-rajasthan/a2/9999px294.x294.140119190027.q9a2/catalogue/rupali-tent-and-events-udaipur-city-udaipur-rajasthan-caterers-u7kmtbbd19.jpg;https://content.jdmagicbox.com/comp/udaipur-rajasthan/a2/9999px294.x294.140119190027.q9a2/catalogue/rupali-tent-and-events-udaipur-city-udaipur-rajasthan-caterers-3y3rgjk.jpg;https://content.jdmagicbox.com/comp/udaipur-rajasthan/a2/9999px294.x294.140119190027.q9a2/catalogue/rupali-tent-and-events-udaipur-city-udaipur-rajasthan-caterers-j09byzc5y2.jpg;https://content.jdmagicbox.com/comp/udaipur-rajasthan/a2/9999px294.x294.140119190027.q9a2/catalogue/rupali-tent-and-events-udaipur-city-udaipur-rajasthan-caterers-0rpm9w5.jpg,1,1
THE WEDDING STATION REMO ( RK SANGEET STATION DANCE ACADEMY),08197262945,, Bhopalpura,PETROL PUMP Bhopalpura,udaipur-rajasthan,3.5,2 Ratings,"Event Organisers, Wedding Planners",24.5911879,73.7045368,313001,9999PX294.X294.260529203324.W7M2,https://www.justdial.com/Udaipur-Rajasthan/THE-WEDDING-STATION-REMO-RK-SANGEET-STATION-DANCE-ACADEMY-Bhopalpura/9999PX294-X294-260529203324-W7M2_BZDET,3.5,https://content.jdmagicbox.com/v2/comp/udaipur-rajasthan/m2/9999px294.x294.260529203324.w7m2/catalogue/9f18a1o8po3r0vi-cvuhrexu4h.jpg,1,1
R.M.M Sound,09724020687,,NEAR ROSHAN MEDICAL Udaipur Surajpole,Dhan Mandi Road Udaipur Surajpole,Udaipur-Rajasthan,4.7,18 Ratings,"Event Organisers, Event Organisers For Wedding",24.634244916667,73.725959777778,313001,9999PX294.X294.190509142532.C1W5,https://www.justdial.com/Udaipur-Rajasthan/RMM-Sound-Near-Roshan-Medical-Udaipur-Surajpole/9999PX294-X294-190509142532-C1W5_BZDET,4.7,https://content.jdmagicbox.com/comp/udaipur-rajasthan/w5/9999px294.x294.190509142532.c1w5/catalogue/r-m-m-sound-udaipur-city-udaipur-rajasthan-dj-system-on-hire-wpsd0vl5v0.jpg;https://content.jdmagicbox.com/comp/udaipur-rajasthan/w5/9999px294.x294.190509142532.c1w5/catalogue/r-m-m-sound-udaipur-city-udaipur-rajasthan-event-organisers-3fl08hevnx.jpg;https://content.jdmagicbox.com/comp/udaipur-rajasthan/w5/9999px294.x294.190509142532.c1w5/catalogue/r-m-m-sound-udaipur-city-udaipur-rajasthan-dj-system-on-rent-v4ji00q3m4.jpg;https://content.jdmagicbox.com/comp/udaipur-rajasthan/w5/9999px294.x294.190509142532.c1w5/catalogue/r-m-m-sound-udaipur-city-udaipur-rajasthan-dj-system-on-rent-wamhcm1lr3.jpg;https://content.jdmagicbox.com/comp/udaipur-rajasthan/w5/9999px294.x294.190509142532.c1w5/catalogue/r-m-m-sound-udaipur-city-udaipur-rajasthan-dj-system-on-rent-g198aolq6k.jpg,1,1
Vistaar Visuals,07383217541,,Tekri Madri Link Road Tekri,Swami Nagar Tekri,udaipur-rajasthan,5,21 Ratings,"Event Organisers, Event Organisers For Wedding",24.591936115198,73.739993898267,313001,9999PX294.X294.200117163559.J3P1,https://www.justdial.com/Udaipur-Rajasthan/Vistaar-Visuals-Tekri-Madri-Link-Road-Tekri/9999PX294-X294-200117163559-J3P1_BZDET,5,https://content.jdmagicbox.com/comp/udaipur-rajasthan/p1/9999px294.x294.200117163559.j3p1/catalogue/vistaar-visuals-udaipur-city-udaipur-rajasthan-disc-jockey-kklxe1hoo7.jpg;https://content.jdmagicbox.com/comp/udaipur-rajasthan/p1/9999px294.x294.200117163559.j3p1/catalogue/vistaar-visuals-udaipur-city-udaipur-rajasthan-disc-jockey-h70rw17gsz.jpg;https://content.jdmagicbox.com/comp/udaipur-rajasthan/p1/9999px294.x294.200117163559.j3p1/catalogue/vistaar-visuals-udaipur-city-udaipur-rajasthan-disc-jockey-w44wnx17hw.jpg;https://content.jdmagicbox.com/comp/udaipur-rajasthan/p1/9999px294.x294.200117163559.j3p1/catalogue/vistaar-visuals-udaipur-city-udaipur-rajasthan-disc-jockey-lt0mz8ryxx.jpg;https://content.jdmagicbox.com/comp/udaipur-rajasthan/p1/9999px294.x294.200117163559.j3p1/catalogue/vistaar-visuals-udaipur-city-udaipur-rajasthan-disc-jockey-onltce8t48.jpg,1,1
Shree Ji Tent House,08490886373,,Near Bmb Udaipur Surajpole,Mallatalai Udaipur Surajpole,Udaipur-Rajasthan,4.9,11 Ratings,"Event Organisers, Caterers",24.5829815,73.6674968,313001,9999PX294.X294.160405195636.P2W1,https://www.justdial.com/Udaipur-Rajasthan/Shree-Ji-Tent-House-Near-Bmb-Udaipur-Surajpole/9999PX294-X294-160405195636-P2W1_BZDET,4.9,https://content.jdmagicbox.com/comp/udaipur-rajasthan/w1/9999px294.x294.160405195636.p2w1/catalogue/shree-ji-tent-house-udaipur-city-udaipur-rajasthan-tent-house-ev54nei.jpg;https://content.jdmagicbox.com/comp/udaipur-rajasthan/w1/9999px294.x294.160405195636.p2w1/catalogue/shree-ji-tent-house-udaipur-city-udaipur-rajasthan-caterers-duy3fda74j.jpg;https://content.jdmagicbox.com/comp/udaipur-rajasthan/w1/9999px294.x294.160405195636.p2w1/catalogue/shree-ji-tent-house-udaipur-city-udaipur-rajasthan-caterers-1clgwhxs8q.jpg;https://content.jdmagicbox.com/comp/udaipur-rajasthan/w1/9999px294.x294.160405195636.p2w1/catalogue/shree-ji-tent-house-udaipur-city-udaipur-rajasthan-caterers-8ouqtnxgfz.jpg;https://content.jdmagicbox.com/comp/udaipur-rajasthan/w1/9999px294.x294.160405195636.p2w1/catalogue/shree-ji-tent-house-udaipur-city-udaipur-rajasthan-caterers-1rielzp20f.jpg,1,1
Glorious World,08511404809,,Opp Ram Garden New Bhupalpura,New Bhupalpura New Bhupalpura,Udaipur-Rajasthan,4.6,62 Ratings,"Event Organisers, Caterers",24.5961357,73.7047075,313001,9999PX294.X294.190101131002.E1Y3,https://www.justdial.com/Udaipur-Rajasthan/Glorious-World-Opp-Ram-Garden-New-Bhupalpura/9999PX294-X294-190101131002-E1Y3_BZDET,4.6,https://content.jdmagicbox.com/v2/comp/udaipur-rajasthan/y3/9999px294.x294.190101131002.e1y3/catalogue/glorious-world-new-bhupalpura-udaipur-rajasthan-event-organisers-i7uctmfsm6.jpg;https://content.jdmagicbox.com/v2/comp/udaipur-rajasthan/y3/9999px294.x294.190101131002.e1y3/catalogue/glorious-world-new-bhupalpura-udaipur-rajasthan-event-organisers-t2stqd6may.jpg;https://content.jdmagicbox.com/v2/comp/udaipur-rajasthan/y3/9999px294.x294.190101131002.e1y3/catalogue/glorious-world-new-bhupalpura-udaipur-rajasthan-event-organisers-o17nphe71c.jpg;https://content.jdmagicbox.com/v2/comp/udaipur-rajasthan/y3/9999px294.x294.190101131002.e1y3/catalogue/glorious-world-new-bhupalpura-udaipur-rajasthan-event-organisers-p1uykb219p.jpg;https://content.jdmagicbox.com/v2/comp/udaipur-rajasthan/y3/9999px294.x294.190101131002.e1y3/catalogue/glorious-world-new-bhupalpura-udaipur-rajasthan-event-organisers-q3kb6i9cy8.jpg,1,1
Latest Tent House,08460476419,,Mukharji Chowk Udaipur Surajpole,Oldcity Udaipur Surajpole,udaipur-rajasthan,4.1,15 Ratings,"Event Organisers, Wedding Planners",24.606602777778,73.718675,313001,9999PX294.X294.121109152315.Q8X3,https://www.justdial.com/Udaipur-Rajasthan/Latest-Tent-House-Mukharji-Chowk-Udaipur-Surajpole/9999PX294-X294-121109152315-Q8X3_BZDET,4.1,https://content.jdmagicbox.com/comp/udaipur-rajasthan/x3/9999px294.x294.121109152315.q8x3/catalogue/latest-tent-house-udaipur-city-udaipur-rajasthan-tent-house-b3hglem534.jpg;https://content.jdmagicbox.com/comp/udaipur-rajasthan/x3/9999px294.x294.121109152315.q8x3/catalogue/latest-tent-house-udaipur-city-udaipur-rajasthan-tent-house-swysowu.png;https://content.jdmagicbox.com/comp/udaipur-rajasthan/x3/9999px294.x294.121109152315.q8x3/catalogue/latest-tent-house-udaipur-city-udaipur-rajasthan-tent-house-ux11t1m.jpg;https://content.jdmagicbox.com/comp/udaipur-rajasthan/x3/9999px294.x294.121109152315.q8x3/catalogue/latest-tent-house-udaipur-surajpole-udaipur-rajasthan-tent-house-1q1eg7t5w9.jpg;https://content.jdmagicbox.com/comp/udaipur-rajasthan/x3/9999px294.x294.121109152315.q8x3/catalogue/latest-tent-house-udaipur-city-udaipur-rajasthan-tent-house-clff58e.jpg,1,1
Raghav Outdoor & Events,08460203106,,Near Court Circel Madhuban,Lodha Complex Madhuban,Udaipur-Rajasthan,3.8,8 Ratings,"Event Organisers, Caterers",24.5871399,73.6969022,313004,9999PX294.X294.130701153041.X2E5,https://www.justdial.com/Udaipur-Rajasthan/Raghav-Outdoor-Events-Near-Court-Circel-Madhuban/9999PX294-X294-130701153041-X2E5_BZDET,3.8,https://content.jdmagicbox.com/comp/udaipur-rajasthan/e5/9999px294.x294.130701153041.x2e5/catalogue/raghav-outdoor-and-events-udaipur-ho-udaipur-rajasthan-caterers-0e5fquwdm3.jpg;https://content.jdmagicbox.com/comp/udaipur-rajasthan/e5/9999px294.x294.130701153041.x2e5/catalogue/raghav-outdoor-and-events-udaipur-ho-udaipur-rajasthan-caterers-aezng00.jpg;https://content.jdmagicbox.com/comp/udaipur-rajasthan/e5/9999px294.x294.130701153041.x2e5/catalogue/raghav-outdoor-and-events-udaipur-ho-udaipur-rajasthan-caterers-h9bcojv.jpg;https://content.jdmagicbox.com/comp/udaipur-rajasthan/e5/9999px294.x294.130701153041.x2e5/catalogue/raghav-outdoor-and-events-udaipur-ho-udaipur-rajasthan-caterers-gg29xl0.jpg;https://content.jdmagicbox.com/v2/comp/udaipur-rajasthan/e5/9999px294.x294.130701153041.x2e5/catalogue/raghav-outdoor-and-events-madhuban-udaipur-rajasthan-event-organisers-kvgnqmsd2n.jpg,1,1
Parmatma Light Decoration,08401849427,,Shree Udai Villas Hotel Backside Balicha,Balicha  Bypas Balicha,Udaipur-Rajasthan,4.5,13 Ratings,"Event Organisers, Tent House",24.5199143,73.6710076,313001,9999PX294.X294.180604143147.Q5I5,https://www.justdial.com/Udaipur-Rajasthan/Parmatma-Light-Decoration-Shree-Udai-Villas-Hotel-Backside-Balicha/9999PX294-X294-180604143147-Q5I5_BZDET,4.5,https://content.jdmagicbox.com/comp/udaipur-rajasthan/i5/9999px294.x294.180604143147.q5i5/catalogue/parmatma-light-decoration-udaipur-city-udaipur-rajasthan-tent-house-tn939bxcih.jpg;https://content.jdmagicbox.com/comp/udaipur-rajasthan/i5/9999px294.x294.180604143147.q5i5/catalogue/parmatma-light-decoration-udaipur-city-udaipur-rajasthan-wedding-decorators-f0iwsbtqxz.jpg;https://content.jdmagicbox.com/v2/comp/udaipur-rajasthan/i5/9999px294.x294.180604143147.q5i5/catalogue/parmatma-light-decoration-balicha-udaipur-rajasthan-wedding-decorators-w2cct181vl.jpg;https://content.jdmagicbox.com/comp/udaipur-rajasthan/i5/9999px294.x294.180604143147.q5i5/catalogue/parmatma-light-decoration-udaipur-city-udaipur-rajasthan-decorators-5wxh9eebst.jpg;https://content.jdmagicbox.com/comp/udaipur-rajasthan/i5/9999px294.x294.180604143147.q5i5/catalogue/parmatma-light-decoration-udaipur-city-udaipur-rajasthan-wedding-decorators-v5snvekl3k.jpg,1,1
Desert Pearl Entertainment,08460444652,,In Lodha Complex Shastri Circle,Shastri Circle Shastri Circle,Udaipur-Rajasthan,4.8,47 Ratings,"Event Organisers, Wedding Planners",24.5843299,73.710377,313001,9999PX294.X294.130407051504.T5E2,https://www.justdial.com/Udaipur-Rajasthan/Desert-Pearl-Entertainment-In-Lodha-Complex-Shastri-Circle/9999PX294-X294-130407051504-T5E2_BZDET,4.8,https://content.jdmagicbox.com/comp/udaipur-rajasthan/e2/9999px294.x294.130407051504.t5e2/catalogue/desert-pearl-entertainment-udaipur-city-udaipur-rajasthan-wedding-planners-0t2mvxt.jpg;https://content.jdmagicbox.com/comp/udaipur-rajasthan/e2/9999px294.x294.130407051504.t5e2/catalogue/desert-pearl-entertainment-udaipur-city-udaipur-rajasthan-destination-wedding-planners-6fosxfiozf.jpg;https://content.jdmagicbox.com/comp/udaipur-rajasthan/e2/9999px294.x294.130407051504.t5e2/catalogue/desert-pearl-entertainment-udaipur-city-udaipur-rajasthan-wedding-planners-vukl7bu.jpg;https://content.jdmagicbox.com/comp/udaipur-rajasthan/e2/9999px294.x294.130407051504.t5e2/catalogue/desert-pearl-entertainment-udaipur-city-udaipur-rajasthan-wedding-planners-eqnp0.jpg;https://content.jdmagicbox.com/comp/udaipur-rajasthan/e2/9999px294.x294.130407051504.t5e2/catalogue/desert-pearl-entertainment-udaipur-city-udaipur-rajasthan-destination-wedding-planners-av7e72vamv.jpg,1,1
Kanchan Tent and Event,08147701563,,Near Community Hall Hiran Magri,Saveena Hiran Magri,Udaipur-Rajasthan,4.4,17 Ratings,"Event Organisers, Marriage Lawns",24.536737416667,73.718803388889,313002,9999PX294.X294.160719104646.Y5I8,https://www.justdial.com/Udaipur-Rajasthan/Kanchan-Tent-and-Event-Near-Community-Hall-Hiran-Magri/9999PX294-X294-160719104646-Y5I8_BZDET,4.4,https://content.jdmagicbox.com/comp/udaipur-rajasthan/i8/9999px294.x294.160719104646.y5i8/catalogue/kanchan-tent-house-hiran-magri-udaipur-rajasthan-caterers-1qket4kjay.jpeg;https://content.jdmagicbox.com/comp/udaipur-rajasthan/i8/9999px294.x294.160719104646.y5i8/catalogue/kanchan-tent-house-hiran-magri-udaipur-rajasthan-caterers-0bl6mmsirk.jpeg;https://content.jdmagicbox.com/comp/udaipur-rajasthan/i8/9999px294.x294.160719104646.y5i8/catalogue/kanchan-tent-house-hiran-magri-udaipur-rajasthan-caterers-ovdkebdyss.jpeg;https://content.jdmagicbox.com/comp/udaipur-rajasthan/i8/9999px294.x294.160719104646.y5i8/catalogue/kanchan-tent-and-event-hiran-magri-udaipur-rajasthan-tent-house-mx6vb7ibk3.jpg;https://content.jdmagicbox.com/comp/udaipur-rajasthan/i8/9999px294.x294.160719104646.y5i8/catalogue/kanchan-tent-and-event-hiran-magri-udaipur-rajasthan-tent-house-c0amap64gr.jpg,1,1
Shiv Garh Resorts And Spa,09724870439,,Near Kumawato Ka Gudha Iswal,Kumbhalgarh Road Iswal,UDAIPUR-RAJASTHAN,4.1,359 Ratings,,24.748938,73.624629,313011,9999PX294.X294.190226125727.Z1V9,https://www.justdial.com/Udaipur-Rajasthan/Shiv-Garh-Resorts-And-Spa-Near-Kumawato-Ka-Gudha-Iswal/9999PX294-X294-190226125727-Z1V9_BZDET,4.1,https://content.jdmagicbox.com/comp/udaipur-rajasthan/v9/9999px294.x294.190226125727.z1v9/catalogue/the-shiv-garh-resorts-iswal-udaipur-rajasthan-hotels-023h5xzo09.jpg;https://content.jdmagicbox.com/v2/comp/udaipur-rajasthan/v9/9999px294.x294.190226125727.z1v9/catalogue/the-shiv-garh-resorts-iswal-udaipur-rajasthan-resorts-1c0qcl01ni.jpg;https://content.jdmagicbox.com/v2/comp/udaipur-rajasthan/v9/9999px294.x294.190226125727.z1v9/catalogue/the-shiv-garh-resorts-iswal-udaipur-rajasthan-resorts-fvcps7qzp5.jpg;https://content.jdmagicbox.com/v2/comp/udaipur-rajasthan/v9/9999px294.x294.190226125727.z1v9/catalogue/the-shiv-garh-resorts-iswal-udaipur-rajasthan-resorts-1d1gibes12.jpg;https://content.jdmagicbox.com/v2/comp/udaipur-rajasthan/v9/9999px294.x294.190226125727.z1v9/catalogue/the-shiv-garh-resorts-iswal-udaipur-rajasthan-hotels-wphoeoedfh.jpg,1,1
Dignity Events & Wedding Planner,08490048886,,Near Rockwood School Chitrakoot Nagar,Business Point Chitrakoot Nagar,Udaipur-Rajasthan,5,2 Ratings,"Event Organisers, Wedding Planners",24.622306032966,73.722952109454,313001,9999PX294.X294.160323172143.E9D9,https://www.justdial.com/Udaipur-Rajasthan/Dignity-Events-Wedding-Planner-Near-Rockwood-School-Chitrakoot-Nagar/9999PX294-X294-160323172143-E9D9_BZDET,5,https://content.jdmagicbox.com/v2/comp/udaipur-rajasthan/d9/9999px294.x294.160323172143.e9d9/catalogue/dignity-events-and-wedding-planner-chitrakoot-nagar-udaipur-rajasthan-event-organisers-f7ml467715.jpg;https://content.jdmagicbox.com/v2/comp/udaipur-rajasthan/d9/9999px294.x294.160323172143.e9d9/catalogue/dignity-events-and-wedding-planner-chitrakoot-nagar-udaipur-rajasthan-event-organisers-dxdgoz5pj3.jpg;https://content.jdmagicbox.com/v2/comp/udaipur-rajasthan/d9/9999px294.x294.160323172143.e9d9/catalogue/dignity-events-and-wedding-planner-chitrakoot-nagar-udaipur-rajasthan-event-organisers-f7ml467715-250.jpg,1,1
Vinayak Event Management,08296822914,,Nearby Govind Palace Malla Talai,Rampura Ubeshwar Ji Road Malla Talai,Udaipur-Rajasthan,4.7,83 Ratings,"Event Organisers, Wedding Planners",24.5850188,73.7230691,313001,9999PX294.X294.170907105434.K1J2,https://www.justdial.com/Udaipur-Rajasthan/Vinayak-Event-Management-Nearby-Govind-Palace-Malla-Talai/9999PX294-X294-170907105434-K1J2_BZDET,4.7,https://content.jdmagicbox.com/comp/service_catalogue/wedding-decorator-9999px294.x294.170907105434.k1j2-b5gspsv.jpg;https://content.jdmagicbox.com/comp/service_catalogue/stage-decorator-9999px294.x294.170907105434.k1j2-ju6hd6l.jpg;https://content.jdmagicbox.com/v2/comp/service_catalogue/wedding-planner-9999px294.x294.170907105434.k1j2-2pez8hi.jpg;https://content.jdmagicbox.com/comp/service_catalogue/flower-decorator-9999px294.x294.170907105434.k1j2-6v0mmmu.jpg;https://content.jdmagicbox.com/comp/service_catalogue/event-management-companies-9999px294.x294.170907105434.k1j2-hfpt0lq.jpg,1,1
Blue Carpet Events,08128375809,,Vinayak NagarNearby Satyam Shivam Sundrum Badgaon Udaipur Surajpole,Ramgiri Udaipur Surajpole,udaipur-rajasthan,4.3,34 Ratings,"Event Organisers, Photographers",24.589802777778,73.667525,313001,9999PX294.X294.220604223051.Y3T9,https://www.justdial.com/Udaipur-Rajasthan/Blue-Carpet-Events-Vinayak-Nagarnearby-Satyam-Shivam-Sundrum-Badgaon-Udaipur-Surajpole/9999PX294-X294-220604223051-Y3T9_BZDET,4.3,https://content.jdmagicbox.com/comp/udaipur-rajasthan/t9/9999px294.x294.220604223051.y3t9/catalogue/apj-events-and-entertainment-udaipur-city-udaipur-rajasthan-event-organisers-th9z094jtr.jpg;https://content.jdmagicbox.com/comp/udaipur-rajasthan/t9/9999px294.x294.220604223051.y3t9/catalogue/apj-events-and-entertainment-udaipur-city-udaipur-rajasthan-event-organisers-cigbkr5ei1.jpg;https://content.jdmagicbox.com/comp/udaipur-rajasthan/t9/9999px294.x294.220604223051.y3t9/catalogue/apj-events-and-entertainment-udaipur-city-udaipur-rajasthan-event-organisers-7uo8ni5r2l.jpg;https://content.jdmagicbox.com/comp/udaipur-rajasthan/t9/9999px294.x294.220604223051.y3t9/catalogue/blue-carpet-events-udaipur-city-udaipur-rajasthan-event-organisers-xk5dpo4bid.jpg;https://content.jdmagicbox.com/comp/udaipur-rajasthan/t9/9999px294.x294.220604223051.y3t9/catalogue/apj-events-and-entertainment-udaipur-city-udaipur-rajasthan-event-organisers-llzpo6ltua.jpg,1,1
Widemax Production,08460441242,,New Mali ColonyTekri CircleNear Rada Ji Temple Mali Colony,Tekri Link Road Mali Colony,Udaipur-Rajasthan,5,3 Ratings,"Event Organisers, Wedding Planners",24.5718593,73.7077524,313001,9999PX294.X294.160422191547.F2A8,https://www.justdial.com/Udaipur-Rajasthan/Widemax-Production-New-Mali-Colonytekri-Circlenear-Rada-Ji-Temple-Mali-Colony/9999PX294-X294-160422191547-F2A8_BZDET,5,https://content.jdmagicbox.com/v2/comp/udaipur-rajasthan/a8/9999px294.x294.160422191547.f2a8/catalogue/widemax-production-mali-colony-udaipur-rajasthan-event-organisers-xh24ljyy5t.jpg;https://content.jdmagicbox.com/v2/comp/udaipur-rajasthan/a8/9999px294.x294.160422191547.f2a8/catalogue/widemax-production-mali-colony-udaipur-rajasthan-event-organisers-8zmnlb7wi3.jpg;https://content.jdmagicbox.com/v2/comp/udaipur-rajasthan/a8/9999px294.x294.160422191547.f2a8/catalogue/widemax-production-mali-colony-udaipur-rajasthan-event-organisers-5nx22a6l95.jpg;https://content.jdmagicbox.com/v2/comp/udaipur-rajasthan/a8/9999px294.x294.160422191547.f2a8/catalogue/widemax-production-mali-colony-udaipur-rajasthan-event-organisers-o4erz1p1ue.jpg;https://content.jdmagicbox.com/v2/comp/udaipur-rajasthan/a8/9999px294.x294.160422191547.f2a8/catalogue/widemax-production-mali-colony-udaipur-rajasthan-event-organisers-iq7w77vz99.jpg,1,1
Veer Photofactory,08733829983,,Opposite Ram Vatika Near Roop Sagar Bhopalpura,Opposite Ran Vatika Near Rupsagar Bhopalpura,udaipur-rajasthan,4.9,20 Ratings,"Event Organisers, Photographers",24.5961366,73.7046997,313001,9999PX294.X294.240319170928.L4L7,https://www.justdial.com/Udaipur-Rajasthan/Veer-Photofactory-Opposite-Ram-Vatika-Near-Roop-Sagar-Bhopalpura/9999PX294-X294-240319170928-L4L7_BZDET,4.9,https://content.jdmagicbox.com/v2/comp/udaipur-rajasthan/l7/9999px294.x294.240319170928.l4l7/catalogue/veer-photofactory-ambamata-udaipur-rajasthan-photographers-fuq4ivmfiy.jpg;https://content.jdmagicbox.com/v2/comp/udaipur-rajasthan/l7/9999px294.x294.240319170928.l4l7/catalogue/veer-photofactory-ambamata-udaipur-rajasthan-photographers-8vn9xt9rs2.jpg;https://content.jdmagicbox.com/v2/comp/udaipur-rajasthan/l7/9999px294.x294.240319170928.l4l7/catalogue/veer-photofactory-ambamata-udaipur-rajasthan-photographers-avarrf352n.jpg;https://content.jdmagicbox.com/v2/comp/udaipur-rajasthan/l7/9999px294.x294.240319170928.l4l7/catalogue/veer-photofactory-ambamata-udaipur-rajasthan-photographers-1xf9ntxkg7.jpg;https://content.jdmagicbox.com/v2/comp/udaipur-rajasthan/l7/9999px294.x294.240319170928.l4l7/catalogue/veer-photofactory-ambamata-udaipur-rajasthan-photographers-ocqbod8r0k.jpg,1,1
Shri Events,08734858242,,Near Balaji Restaurant Silawatwari,Jatwari Silawatwari,udaipur-rajasthan,5,4 Ratings,"Event Organisers, Event Management Companies",24.5845967,73.6852593,313001,9999PX294.X294.260122200104.W6F8,https://www.justdial.com/Udaipur-Rajasthan/Shri-Events-Near-Balaji-Restaurant-Silawatwari/9999PX294-X294-260122200104-W6F8_BZDET,5,https://content.jdmagicbox.com/v2/comp/udaipur-rajasthan/f8/9999px294.x294.260122200104.w6f8/catalogue/shri-events-silawatwari-udaipur-rajasthan-caterers-me8shvpttb.jpg;https://content.jdmagicbox.com/v2/comp/udaipur-rajasthan/f8/9999px294.x294.260122200104.w6f8/catalogue/shri-events-silawatwari-udaipur-rajasthan-caterers-aoe4605z09.jpg;https://content.jdmagicbox.com/v2/comp/udaipur-rajasthan/f8/9999px294.x294.260122200104.w6f8/catalogue/shri-events-silawatwari-udaipur-rajasthan-caterers-c1j5kvwjp6.jpg;https://content.jdmagicbox.com/v2/comp/udaipur-rajasthan/f8/9999px294.x294.260122200104.w6f8/catalogue/shri-events-silawatwari-udaipur-rajasthan-caterers-w8ohir9ww6.jpg;https://content.jdmagicbox.com/v2/comp/udaipur-rajasthan/f8/9999px294.x294.260122200104.w6f8/catalogue/shri-events-silawatwari-udaipur-rajasthan-caterers-vmbdtg4nt1.jpg,1,1
My Studio,09845237062,,Near Jain Mandir Ayad Udaipur,University Road Ayad Udaipur,udaipur-rajasthan,4.8,6 Ratings,"Event Organisers, Photographers",24.6338613,73.6945236,313001,9999PX294.X294.220827164713.J1V9,https://www.justdial.com/Udaipur-Rajasthan/My-Studio-Near-Jain-Mandir-Ayad-Udaipur/9999PX294-X294-220827164713-J1V9_BZDET,4.8,https://content.jdmagicbox.com/v2/comp/udaipur-rajasthan/v9/9999px294.x294.220827164713.j1v9/catalogue/my-studio-ayad-udaipur-udaipur-rajasthan-photographers-9yic6posuo.jpg;https://content.jdmagicbox.com/v2/comp/udaipur-rajasthan/v9/9999px294.x294.220827164713.j1v9/catalogue/my-studio-ayad-udaipur-udaipur-rajasthan-photographers-1qdovh7od1.jpg;https://content.jdmagicbox.com/v2/comp/udaipur-rajasthan/v9/9999px294.x294.220827164713.j1v9/catalogue/my-studio-ayad-udaipur-udaipur-rajasthan-photographers-ou2wjgxy0s.jpg;https://content.jdmagicbox.com/v2/comp/udaipur-rajasthan/v9/9999px294.x294.220827164713.j1v9/catalogue/my-studio-ayad-udaipur-udaipur-rajasthan-photographers-e0b5ei5luz.jpg;https://content.jdmagicbox.com/v2/comp/udaipur-rajasthan/v9/9999px294.x294.220827164713.j1v9/catalogue/my-studio-ayad-udaipur-udaipur-rajasthan-photographers-d2o4ns1nsa.jpg,1,1
Anchor Shelly Khandelwal,07383699394,, Bhupalpura Udaipur,Court Circle Bhupalpura Udaipur,udaipur-rajasthan,5,4 Ratings,"Event Organisers, Wedding Planners",24.5919015,73.6975288,313001,9999PX294.X294.260113151751.V2K1,https://www.justdial.com/Udaipur-Rajasthan/Anchor-Shelly-Khandelwal-Bhupalpura-Udaipur/9999PX294-X294-260113151751-V2K1_BZDET,5,https://content.jdmagicbox.com/v2/comp/udaipur-rajasthan/k1/9999px294.x294.260113151751.v2k1/catalogue/anchor-shelly-khandelwal-bhupalpura-udaipur-udaipur-rajasthan-event-organisers-wc0ocejc2w.jpg;https://content.jdmagicbox.com/v2/comp/udaipur-rajasthan/k1/9999px294.x294.260113151751.v2k1/catalogue/anchor-shelly-khandelwal-bhupalpura-udaipur-udaipur-rajasthan-event-organisers-0lsy8xsfcq.jpg;https://content.jdmagicbox.com/v2/comp/udaipur-rajasthan/k1/9999px294.x294.260113151751.v2k1/catalogue/anchor-shelly-khandelwal-bhupalpura-udaipur-udaipur-rajasthan-event-organisers-a1s6bjctzp.jpg;https://content.jdmagicbox.com/v2/comp/udaipur-rajasthan/k1/9999px294.x294.260113151751.v2k1/catalogue/anchor-shelly-khandelwal-bhupalpura-udaipur-udaipur-rajasthan-event-organisers-pz6n1ew0pt.jpg;https://content.jdmagicbox.com/v2/comp/udaipur-rajasthan/k1/9999px294.x294.260113151751.v2k1/catalogue/anchor-shelly-khandelwal-bhupalpura-udaipur-udaipur-rajasthan-event-organisers-y7hpof6zmw.jpg,1,1
Max Studio Colour Lab,08460531084,,Near By Bhole Mithan and Delhi Gate Chauraha Udaipur Surajpole,Building-SMB Plaza Udaipur Surajpole,udaipur-rajasthan,4.8,148 Ratings,"Event Organisers, Photographers",24.5854927,73.6946723,313001,9999PX294.X294.210119174706.Z5L8,https://www.justdial.com/Udaipur-Rajasthan/Max-Studio-Colour-Lab-Near-By-Bhole-Mithan-And-Delhi-Gate-Chauraha-Udaipur-Surajpole/9999PX294-X294-210119174706-Z5L8_BZDET,4.8,https://content.jdmagicbox.com/v2/comp/udaipur-rajasthan/l8/9999px294.x294.210119174706.z5l8/catalogue/max-studio-colour-lab-udaipur-surajpole-udaipur-rajasthan-photographers-c7cuay7ili.jpg;https://content.jdmagicbox.com/v2/comp/udaipur-rajasthan/l8/9999px294.x294.210119174706.z5l8/catalogue/max-studio-colour-lab-udaipur-surajpole-udaipur-rajasthan-photographers-xzij3n29ya.jpg;https://content.jdmagicbox.com/v2/comp/udaipur-rajasthan/l8/9999px294.x294.210119174706.z5l8/catalogue/max-studio-colour-lab-udaipur-surajpole-udaipur-rajasthan-photographers-zqiz6k3u6t.jpg;https://content.jdmagicbox.com/v2/comp/udaipur-rajasthan/l8/9999px294.x294.210119174706.z5l8/catalogue/max-studio-colour-lab-udaipur-surajpole-udaipur-rajasthan-photographers-p2wh2286g5.jpg;https://content.jdmagicbox.com/v2/comp/udaipur-rajasthan/l8/9999px294.x294.210119174706.z5l8/catalogue/max-studio-colour-lab-udaipur-surajpole-udaipur-rajasthan-photographers-0o4p68o5ke.jpg,1,1
Ghumar Tent and Decorators,09054721023,,Near Pani Ki Tanki Udaipole,Street Name -Ghoomar Garden Udaipole,udaipur-rajasthan,4.9,7 Ratings,"Event Organisers, Event Organisers For Wedding",24.5670587,73.7166107,313001,9999PX294.X294.250310143000.W2G9,https://www.justdial.com/Udaipur-Rajasthan/Ghumar-Tent-and-Decorators-Near-Pani-Ki-Tanki-Udaipole/9999PX294-X294-250310143000-W2G9_BZDET,4.9,https://content.jdmagicbox.com/v2/comp/udaipur-rajasthan/g9/9999px294.x294.250310143000.w2g9/catalogue/ghumar-tent-and-decorators-udaipole-udaipur-rajasthan-event-organisers-j43047h7z6.jpg;https://content.jdmagicbox.com/v2/comp/udaipur-rajasthan/g9/9999px294.x294.250310143000.w2g9/catalogue/ghumar-tent-and-decorators-udaipole-udaipur-rajasthan-event-organisers-fjltuea43s.jpg;https://content.jdmagicbox.com/v2/comp/udaipur-rajasthan/g9/9999px294.x294.250310143000.w2g9/catalogue/ghumar-tent-and-decorators-udaipole-udaipur-rajasthan-event-organisers-p7m0nt1nd7.jpg;https://content.jdmagicbox.com/v2/comp/udaipur-rajasthan/g9/9999px294.x294.250310143000.w2g9/catalogue/ghumar-tent-and-decorators-udaipole-udaipur-rajasthan-event-organisers-yelbludbsi.jpg;https://content.jdmagicbox.com/v2/comp/udaipur-rajasthan/g9/9999px294.x294.250310143000.w2g9/catalogue/ghumar-tent-and-decorators-udaipole-udaipur-rajasthan-event-organisers-4vpl7o7mp1.jpg,1,1
The Kapture Memory,08197433624,, Shiv Park Colony,Eklavya ColonyLotus Park Shiv Park Colony,udaipur-rajasthan,4.7,3 Ratings,"Event Organisers, Photographers",24.6250895,73.7200366,313001,9999PX294.X294.251218110126.V8R3,https://www.justdial.com/Udaipur-Rajasthan/The-Kapture-Memory-Shiv-Park-Colony/9999PX294-X294-251218110126-V8R3_BZDET,4.7,https://content.jdmagicbox.com/v2/comp/udaipur-rajasthan/r3/9999px294.x294.251218110126.v8r3/catalogue/the-kapture-memory-shiv-park-colony-udaipur-rajasthan-event-organisers-s7i73cndd7.jpg;https://content.jdmagicbox.com/v2/comp/udaipur-rajasthan/r3/9999px294.x294.251218110126.v8r3/catalogue/the-kapture-memory-shiv-park-colony-udaipur-rajasthan-event-organisers-y9t394x5vq.jpg;https://content.jdmagicbox.com/v2/comp/udaipur-rajasthan/r3/9999px294.x294.251218110126.v8r3/catalogue/the-kapture-memory-shiv-park-colony-udaipur-rajasthan-event-organisers-7myjljtnot.jpg;https://content.jdmagicbox.com/v2/comp/udaipur-rajasthan/r3/9999px294.x294.251218110126.v8r3/catalogue/the-kapture-memory-shiv-park-colony-udaipur-rajasthan-event-organisers-ie1p577okf.jpg;https://content.jdmagicbox.com/v2/comp/udaipur-rajasthan/r3/9999px294.x294.251218110126.v8r3/catalogue/the-kapture-memory-shiv-park-colony-udaipur-rajasthan-event-organisers-k3acmp122j.jpg,1,1
Parshuram Tent & Caterers,08050704437,,Near LIC Office Udaipur Surajpole,Central Area Awari Mata Colony Udaipur Surajpole,udaipur-rajasthan,4.8,6 Ratings,"Event Organisers, Caterers",24.6002548,73.7168662,313001,9999PX294.X294.190912031757.X4D7,https://www.justdial.com/Udaipur-Rajasthan/Parshuram-Tent-Caterers-Near-Lic-Office-Udaipur-Surajpole/9999PX294-X294-190912031757-X4D7_BZDET,4.8,https://content.jdmagicbox.com/v2/comp/udaipur-rajasthan/d7/9999px294.x294.190912031757.x4d7/catalogue/parshuram-tent-and-caterers-udaipur-rajasthan-tent-house-rh36fgw3q1.jpg;https://content.jdmagicbox.com/comp/udaipur-rajasthan/d7/9999px294.x294.190912031757.x4d7/catalogue/parshuram-tent-and-caterers-udaipur-rajasthan-tent-house-0tmoqxzn8a.jpg;https://content.jdmagicbox.com/v2/comp/udaipur-rajasthan/d7/9999px294.x294.190912031757.x4d7/catalogue/parshuram-tent-and-caterers-udaipur-rajasthan-tent-house-gno0b852zy.jpg;https://content.jdmagicbox.com/v2/comp/udaipur-rajasthan/d7/9999px294.x294.190912031757.x4d7/catalogue/parshuram-tent-and-caterers-udaipur-rajasthan-tent-house-kher1k09tr.jpg;https://content.jdmagicbox.com/v2/comp/udaipur-rajasthan/d7/9999px294.x294.190912031757.x4d7/catalogue/parshuram-tent-and-caterers-udaipur-rajasthan-tent-house-dhlza1gs2x.jpg,1,1
Trimurti Generator,08460526394,,Opposite Old Jp Hospital Udaipur Surajpole,Sikh Colony Road Udaipur Surajpole,Udaipur-Rajasthan,4.8,24 Ratings,"Event Organisers, Generators On Rent",24.5786617,73.7094219,313001,9999PX294.X294.190205155533.J9T1,https://www.justdial.com/Udaipur-Rajasthan/Trimurti-Generator-Opposite-Old-Jp-Hospital-Udaipur-Surajpole/9999PX294-X294-190205155533-J9T1_BZDET,4.8,https://content.jdmagicbox.com/comp/udaipur-rajasthan/t1/9999px294.x294.190205155533.j9t1/catalogue/trimurti-generator-udaipur-rajasthan-event-organisers-xnl1re1sv5.jpg;https://content.jdmagicbox.com/comp/udaipur-rajasthan/t1/9999px294.x294.190205155533.j9t1/catalogue/trimurti-generator-udaipur-rajasthan-event-organisers-1136wo39gp.jpg;https://content.jdmagicbox.com/v2/comp/udaipur-rajasthan/t1/9999px294.x294.190205155533.j9t1/catalogue/trimurti-generator-udaipur-surajpole-udaipur-rajasthan-event-organisers-rsd4gbkpyn.jpg;https://content.jdmagicbox.com/v2/comp/udaipur-rajasthan/t1/9999px294.x294.190205155533.j9t1/catalogue/trimurti-generator-udaipur-surajpole-udaipur-rajasthan-event-organisers-ji7l03p68j.jpg;https://content.jdmagicbox.com/comp/udaipur-rajasthan/t1/9999px294.x294.190205155533.j9t1/catalogue/trimurti-generator-udaipur-rajasthan-event-organisers-1h9hvxon9h.jpg,1,1
Shree Ram Fireworks,09035653580,,BEHIND ANANAD NAMKEEN Udaipur City,Subcity Centre Udaipur City,udaipur-rajasthan,4.9,12 Ratings,"Event Organisers, Event Organisers For Wedding",24.5583248,73.7077312,313001,9999PX294.X294.131205231101.D4Z4,https://www.justdial.com/Udaipur-Rajasthan/Shree-Ram-Fireworks-Behind-Ananad-Namkeen-Udaipur-City/9999PX294-X294-131205231101-D4Z4_BZDET,4.9,https://content.jdmagicbox.com/v2/comp/udaipur-rajasthan/z4/9999px294.x294.131205231101.d4z4/catalogue/shree-ram-fireworks-udaipur-city-udaipur-rajasthan-fire-cracker-dealers-gcscq2y5nt.jpg;https://content.jdmagicbox.com/comp/udaipur-rajasthan/z4/9999px294.x294.131205231101.d4z4/catalogue/shree-ram-fireworks-udaipur-city-udaipur-rajasthan-fire-cracker-dealers-1ude4qpbuw.jpg;https://content.jdmagicbox.com/comp/udaipur-rajasthan/z4/9999px294.x294.131205231101.d4z4/catalogue/shree-ram-fireworks-udaipur-city-udaipur-rajasthan-fire-cracker-dealers-hr397h97rc.jpg;https://content.jdmagicbox.com/v2/comp/udaipur-rajasthan/z4/9999px294.x294.131205231101.d4z4/catalogue/shree-ram-fireworks-udaipur-city-udaipur-rajasthan-fire-cracker-dealers-v91syenwm7.jpg;https://content.jdmagicbox.com/comp/udaipur-rajasthan/z4/9999px294.x294.131205231101.d4z4/catalogue/shree-ram-fireworks-udaipur-city-udaipur-rajasthan-fire-cracker-dealers-ml76t9ohhg.jpg,1,1
Sudarshan Flower Decoration and Events,08460201369,,Near Pipli Chock Tekri Madhuban,Takri Madri Link Road Madhuban,Udaipur-Rajasthan,4.9,59 Ratings,"Event Organisers, Wedding Planners",24.593844444444,73.663819444444,313004,9999PX294.X294.170727175506.W5W9,https://www.justdial.com/Udaipur-Rajasthan/Sudarshan-Flower-Decoration-and-Events-Near-Pipli-Chock-Tekri-Madhuban/9999PX294-X294-170727175506-W5W9_BZDET,4.9,https://content.jdmagicbox.com/comp/udaipur-rajasthan/w9/9999px294.x294.170727175506.w5w9/catalogue/sudarshan-flower-decoration-and-events-udaipur-ho-udaipur-rajasthan-flower-decorators-h0eazdirla.jpg;https://content.jdmagicbox.com/comp/udaipur-rajasthan/w9/9999px294.x294.170727175506.w5w9/catalogue/sudarshan-flower-decoration-and-events-udaipur-ho-udaipur-rajasthan-event-organisers-6l5j6tgw6j.jpg;https://content.jdmagicbox.com/comp/udaipur-rajasthan/w9/9999px294.x294.170727175506.w5w9/catalogue/sudarshan-flower-decoration-and-events-udaipur-ho-udaipur-rajasthan-event-organisers-aw6t8.jpg;https://content.jdmagicbox.com/comp/udaipur-rajasthan/w9/9999px294.x294.170727175506.w5w9/catalogue/sudarshan-flower-decoration-and-events-udaipur-ho-udaipur-rajasthan-event-organisers-a66w6d3b0n.jpg;https://content.jdmagicbox.com/comp/udaipur-rajasthan/w9/9999px294.x294.170727175506.w5w9/catalogue/sudarshan-flower-decoration-and-events-udaipur-ho-udaipur-rajasthan-flower-decorators-aun97ax08k.jpg,1,1
TheParty Planner & Event Decor,09606417020,,Dev Baag Shobhagpura,Opp Orbit Resort Shobhagpura,udaipur-rajasthan,3.5,2 Ratings,"Event Organisers, Event Organisers For Wedding",24.6003157,73.7016307,313001,9999PX294.X294.240208185020.J3T4,https://www.justdial.com/Udaipur-Rajasthan/TheParty-Planner-Event-Decor-Dev-Baag-Shobhagpura/9999PX294-X294-240208185020-J3T4_BZDET,3.5,https://content.jdmagicbox.com/v2/comp/udaipur-rajasthan/t4/9999px294.x294.240208185020.j3t4/catalogue/theparty-planner-and-event-decor-shobhagpura-udaipur-rajasthan-flower-decorators-8ng1t1yd3e.jpg;https://content.jdmagicbox.com/v2/comp/udaipur-rajasthan/t4/9999px294.x294.240208185020.j3t4/catalogue/theparty-planner-and-event-decor-shobhagpura-udaipur-rajasthan-tent-house-7sblo1ug7v.jpg;https://content.jdmagicbox.com/v2/comp/udaipur-rajasthan/t4/9999px294.x294.240208185020.j3t4/catalogue/jh0kia28z4e90oi-fomgrjpauv.jpg;https://content.jdmagicbox.com/v2/comp/udaipur-rajasthan/t4/9999px294.x294.240208185020.j3t4/catalogue/theparty-planner-and-event-decor-shobhagpura-udaipur-rajasthan-tent-house-7sblo1ug7v-250.jpg;https://content.jdmagicbox.com/v2/comp/udaipur-rajasthan/t4/9999px294.x294.240208185020.j3t4/catalogue/jh0kia28z4e90oi-fomgrjpauv-250.jpg,1,1
Mahadev Balloon Decoration Udaipur,09054616976,,Bhuvana Sukher,Little Italy Restaurant Sukher,udaipur-rajasthan,5,85 Ratings,"Event Organisers, Lighting Decorators",24.6393589,73.7192378,313001,9999PX294.X294.250121130846.X2K9,https://www.justdial.com/Udaipur-Rajasthan/Mahadev-Balloon-Decoration-Udaipur-Bhuvana-Sukher/9999PX294-X294-250121130846-X2K9_BZDET,5,https://content.jdmagicbox.com/v2/comp/udaipur-rajasthan/k9/9999px294.x294.250121130846.x2k9/catalogue/mahadev-balloon-decoration-udaipur-sukher-udaipur-rajasthan-balloon-decorators-xwd8ua417i.jpg;https://content.jdmagicbox.com/v2/comp/udaipur-rajasthan/k9/9999px294.x294.250121130846.x2k9/catalogue/mahadev-balloon-decoration-udaipur-sukher-udaipur-rajasthan-balloon-decorators-ldyf15exrr.jpg;https://content.jdmagicbox.com/v2/comp/udaipur-rajasthan/k9/9999px294.x294.250121130846.x2k9/catalogue/mahadev-balloon-decoration-udaipur-sukher-udaipur-rajasthan-balloon-decorators-abvxn5kv7v.jpg;https://content.jdmagicbox.com/v2/comp/udaipur-rajasthan/k9/9999px294.x294.250121130846.x2k9/catalogue/mahadev-balloon-decoration-udaipur-sukher-udaipur-rajasthan-balloon-decorators-0vj2v8x0zv.jpg;https://content.jdmagicbox.com/v2/comp/udaipur-rajasthan/k9/9999px294.x294.250121130846.x2k9/catalogue/mahadev-balloon-decoration-udaipur-sukher-udaipur-rajasthan-balloon-decorators-e6o4dit4o8.jpg,1,1
Vikram Tent House & The Wedding Design,08460242069,,Near By Chetak Circle Udaipur Surajpole,Chetak Marg Udaipur Surajpole,Udaipur-Rajasthan,4.6,32 Ratings,"Event Organisers, Wedding Planners",24.591779694444,73.69618225,313001,9999PX294.X294.160327113138.U8E5,https://www.justdial.com/Udaipur-Rajasthan/Vikram-Tent-House-The-Wedding-Design-Near-By-Chetak-Circle-Udaipur-Surajpole/9999PX294-X294-160327113138-U8E5_BZDET,4.6,https://content.jdmagicbox.com/comp/udaipur-rajasthan/e5/9999px294.x294.160327113138.u8e5/catalogue/vikram-tent-house-and-the-wedding-design-udaipur-city-udaipur-rajasthan-tent-house-qc5d1wvsiv.jpg;https://content.jdmagicbox.com/comp/udaipur-rajasthan/e5/9999px294.x294.160327113138.u8e5/catalogue/vikram-tent-house-and-the-wedding-design-udaipur-city-udaipur-rajasthan-tent-house-qdx6lo0ptt.jpg;https://content.jdmagicbox.com/comp/udaipur-rajasthan/e5/9999px294.x294.160327113138.u8e5/catalogue/vikram-tent-house-and-the-wedding-design-udaipur-city-udaipur-rajasthan-tent-house-cda0yqdl76.jpg;https://content.jdmagicbox.com/comp/udaipur-rajasthan/e5/9999px294.x294.160327113138.u8e5/catalogue/vikram-tent-house-and-the-wedding-design-udaipur-city-udaipur-rajasthan-tent-house-ik6bcwjjuw.jpg;https://content.jdmagicbox.com/comp/udaipur-rajasthan/e5/9999px294.x294.160327113138.u8e5/catalogue/vikram-tent-house-and-the-wedding-design-udaipur-city-udaipur-rajasthan-tent-house-ik5xxk6z1s.jpg,1,1
Vishal Music Arranger,08488024380,,Near Ram Mandir Malavali,Bhangarwadi Road Malavali,lonavala,5,117 Ratings,"Camp Organisers, Balloon Decorators",18.7450304,73.4164639,410401,9999P2114.2114.170402093843.Y5B8,https://www.justdial.com/Lonavala/Vishal-Music-Arranger-Near-Ram-Mandir-Malavali/9999P2114-2114-170402093843-Y5B8_BZDET,5,https://content.jdmagicbox.com/comp/lonavala/b8/9999p2114.2114.170402093843.y5b8/catalogue/vishal-music-arranger-lonavala-lonavala-musicians-5ic4yqyrnf.jpg;https://content.jdmagicbox.com/v2/comp/lonavala/b8/9999p2114.2114.170402093843.y5b8/catalogue/vishal-music-arranger-lonavala-lonavala-musicians-eskaufb2q5.jpg;https://content.jdmagicbox.com/v2/comp/lonavala/b8/9999p2114.2114.170402093843.y5b8/catalogue/vishal-music-arranger-lonavala-lonavala-musicians-qz4gsphwbi.jpg;https://content.jdmagicbox.com/comp/lonavala/b8/9999p2114.2114.170402093843.y5b8/catalogue/vishal-music-arranger-lonavala-1gpwtbucde.jpg;https://content.jdmagicbox.com/v2/comp/lonavala/b8/9999p2114.2114.170402093843.y5b8/catalogue/vishal-music-arranger-lonavala-lonavala-musicians-1p9xk7c5x3.jpg,1,1
Essence Of Flower,09724653071,, Udaipur Surajpole,Road No.4 Pula Udaipur Surajpole,udaipur-rajasthan,4.8,324 Ratings,"Flower Shops, Mandap Decorators",24.608752777778,73.695772222222,313001,9999PX294.X294.190813200030.I6E1,https://www.justdial.com/Udaipur-Rajasthan/Essence-Of-Flower-Udaipur-Surajpole/9999PX294-X294-190813200030-I6E1_BZDET,4.8,https://content.jdmagicbox.com/comp/udaipur-rajasthan/e1/9999px294.x294.190813200030.i6e1/catalogue/essence-of-flower-udaipur-city-udaipur-rajasthan-flower-decorators-fb5wavz6bd.jpg;https://content.jdmagicbox.com/comp/udaipur-rajasthan/e1/9999px294.x294.190813200030.i6e1/catalogue/lucky-flower-udaipur-city-udaipur-rajasthan-decorators-nlppx6mtik.jpg;https://content.jdmagicbox.com/comp/udaipur-rajasthan/e1/9999px294.x294.190813200030.i6e1/catalogue/essence-of-flower-udaipur-city-udaipur-rajasthan-flower-decorators-70vgamk9ea.jpg;https://content.jdmagicbox.com/comp/udaipur-rajasthan/e1/9999px294.x294.190813200030.i6e1/catalogue/essence-of-flower-udaipur-city-udaipur-rajasthan-flower-decorators-h8x297o5ip.jpg;https://content.jdmagicbox.com/comp/udaipur-rajasthan/e1/9999px294.x294.190813200030.i6e1/catalogue/essence-of-flower-udaipur-city-udaipur-rajasthan-flower-decorators-se5t7h79f4.jpg,1,1
Darshan Tent Sound & Decorators,08460519050,,Dewali Dewali,Neemuch Mata Scheme Dewali,Udaipur-rajasthan,4.2,19 Ratings,"Wedding Planners, Event Organisers For Wedding",24.5741202,73.714852,313001,9999PX294.X294.110425113937.H9R2,https://www.justdial.com/Udaipur-Rajasthan/Darshan-Tent-Sound-Decorators-Dewali-Dewali/9999PX294-X294-110425113937-H9R2_BZDET,4.2,https://content.jdmagicbox.com/v2/comp/udaipur-rajasthan/r2/9999px294.x294.110425113937.h9r2/catalogue/darshan-tent-sound-and-decorators-udaipur-city-udaipur-rajasthan-tent-house-9nfc0pppzm.jpg;https://content.jdmagicbox.com/comp/udaipur-rajasthan/r2/9999px294.x294.110425113937.h9r2/catalogue/darshan-tent-sound-and-decorators-udaipur-city-udaipur-rajasthan-tent-house-ts1tny2.jpg;https://content.jdmagicbox.com/comp/udaipur-rajasthan/r2/9999px294.x294.110425113937.h9r2/catalogue/darshan-tent-sound-and-decorators-udaipur-city-udaipur-rajasthan-tent-house-dp70nb5.jpg;https://content.jdmagicbox.com/comp/udaipur-rajasthan/r2/9999px294.x294.110425113937.h9r2/catalogue/darshan-tent-sound-and-decorators-udaipur-city-udaipur-rajasthan-tent-house-i8qxep5.jpg;https://content.jdmagicbox.com/comp/udaipur-rajasthan/r2/9999px294.x294.110425113937.h9r2/catalogue/darshan-tent-sound-and-decorators-udaipur-city-udaipur-rajasthan-tent-house-g0jaqx7.jpg,1,1
Shree Kishna Flower Decorators,08735018534,,Behind Ashwini Bazar Udaipur Surajpole,Sutharwada Udaipur Surajpole,Udaipur-Rajasthan,5,3 Ratings,"Flower Shops, Wedding Decorators",24.5853022,73.6916086,313001,9999PX294.X294.131220133318.I1C7,https://www.justdial.com/Udaipur-Rajasthan/Shree-Kishna-Flower-Decorators-Behind-Ashwini-Bazar-Udaipur-Surajpole/9999PX294-X294-131220133318-I1C7_BZDET,5,https://content.jdmagicbox.com/comp/udaipur-rajasthan/c7/9999px294.x294.131220133318.i1c7/catalogue/shree-kishna-flower-decorators-udaipur-city-udaipur-rajasthan-flower-decorators-x0odrq63pd.jpg;https://content.jdmagicbox.com/comp/udaipur-rajasthan/c7/9999px294.x294.131220133318.i1c7/catalogue/shree-kishna-flower-decorators-udaipur-city-udaipur-rajasthan-wedding-decorators-3eaejun51o.jpg;https://content.jdmagicbox.com/comp/udaipur-rajasthan/c7/9999px294.x294.131220133318.i1c7/catalogue/shree-kishna-flower-decorators-udaipur-city-udaipur-rajasthan-wedding-decorators-tlwudjbmv7.jpg;https://content.jdmagicbox.com/comp/udaipur-rajasthan/c7/9999px294.x294.131220133318.i1c7/catalogue/shree-kishna-flower-decorators-udaipur-city-udaipur-rajasthan-wedding-decorators-7mw8fp9n5h.jpg;https://content.jdmagicbox.com/comp/udaipur-rajasthan/c7/9999px294.x294.131220133318.i1c7/catalogue/shree-kishna-flower-decorators-udaipur-city-udaipur-rajasthan-flower-decorators-8q559cak5h.jpg,1,1
Tirupati Tent Decorators,07947180985,,Opp CPS School Bhopalpura,New Bhopalpura Bhopalpura,Udaipur-Rajasthan,4.3,32 Ratings,"Event Organisers, Marriage Lawns",24.5916732,73.704738,313001,9999PX294.X294.170615150017.Y1C9,https://www.justdial.com/Udaipur-Rajasthan/Tirupati-Tent-Decorators-Opp-Cps-School-Bhopalpura/9999PX294-X294-170615150017-Y1C9_BZDET,4.3,https://content.jdmagicbox.com/comp/udaipur-rajasthan/c9/9999px294.x294.170615150017.y1c9/catalogue/tirupati-tent-decorators-udaipur-city-udaipur-rajasthan-garden-decorators-uyadum7oyo.jpg;https://content.jdmagicbox.com/comp/udaipur-rajasthan/c9/9999px294.x294.170615150017.y1c9/catalogue/tirupati-tent-decorators-udaipur-city-udaipur-rajasthan-garden-decorators-iir7mdorb1.jpg;https://content.jdmagicbox.com/comp/udaipur-rajasthan/c9/9999px294.x294.170615150017.y1c9/catalogue/tirupati-tent-decorators-udaipur-city-udaipur-rajasthan-garden-decorators-3m0aobjwcu.jpg;https://content.jdmagicbox.com/comp/udaipur-rajasthan/c9/9999px294.x294.170615150017.y1c9/catalogue/tirupati-tent-decorators-udaipur-city-udaipur-rajasthan-garden-decorators-v8p9uep3mg.jpg;https://content.jdmagicbox.com/comp/udaipur-rajasthan/c9/9999px294.x294.170615150017.y1c9/catalogue/tirupati-tent-decorators-udaipur-city-udaipur-rajasthan-garden-decorators-whvk96m4ma.jpg,1,1
Smebizz,08460462723,,NEAR SBI Bank Pitampura,Lok Vihar Pitampura,delhi,5,202 Ratings,"Digital Marketing Services, Internet Website Developers",28.708100143946,77.1503869076,110034,011PXX11.XX11.240822040237.R6W7,https://www.justdial.com/Delhi/Smebizz-Near-Sbi-Bank-Pitampura/011PXX11-XX11-240822040237-R6W7_BZDET,5,https://content.jdmagicbox.com/v2/comp/delhi/w7/011pxx11.xx11.240822040237.r6w7/catalogue/smebizz-pitampura-delhi-digital-marketing-services-mgzagvyc64.jpg;https://content.jdmagicbox.com/v2/comp/delhi/w7/011pxx11.xx11.240822040237.r6w7/catalogue/vinayak-syndicate-pitampura-delhi-human-resource-consultants-sb9fmb9i1g.jpg;https://content.jdmagicbox.com/v2/comp/delhi/w7/011pxx11.xx11.240822040237.r6w7/catalogue/vinayak-syndicate-pitampura-delhi-human-resource-consultants-x3jv3nz1f1.jpg;https://content.jdmagicbox.com/v2/comp/delhi/w7/011pxx11.xx11.240822040237.r6w7/catalogue/vinayak-syndicate-pitampura-delhi-human-resource-consultants-vdk1bsboq3.jpg;https://content.jdmagicbox.com/comp/def_content/search-engine-optimization-services/1-search-engine-optimization-services-1-jv6kw.jpg,1,1
Nk Events Udaipur,08460387993,,Bohra Ganesh Ji Mandir Udaipur Surajpole,University Road Udaipur Surajpole,udaipur-rajasthan,4.8,40 Ratings,"Wedding Planners, Lighting Decorators",24.5919816,73.7214893,313001,9999PX294.X294.231117170750.R7N4,https://www.justdial.com/Udaipur-Rajasthan/Nk-Events-Udaipur-Bohra-Ganesh-Ji-Mandir-Udaipur-Surajpole/9999PX294-X294-231117170750-R7N4_BZDET,4.8,https://content.jdmagicbox.com/v2/comp/udaipur-rajasthan/n4/9999px294.x294.231117170750.r7n4/catalogue/nk-events-udaipur-udaipur-surajpole-udaipur-rajasthan-balloon-decorators-bdlf4xdbwx.jpg;https://content.jdmagicbox.com/v2/comp/udaipur-rajasthan/n4/9999px294.x294.231117170750.r7n4/catalogue/nk-events-udaipur-udaipur-surajpole-udaipur-rajasthan-balloon-decorators-3ylc1jt9q8.jpg;https://content.jdmagicbox.com/v2/comp/udaipur-rajasthan/n4/9999px294.x294.231117170750.r7n4/catalogue/nk-events-udaipur-udaipur-surajpole-udaipur-rajasthan-balloon-decorators-julamt7x57.jpg;https://content.jdmagicbox.com/v2/comp/udaipur-rajasthan/n4/9999px294.x294.231117170750.r7n4/catalogue/nk-events-udaipur-udaipur-surajpole-udaipur-rajasthan-balloon-decorators-4v4h6w16qo.jpg;https://content.jdmagicbox.com/v2/comp/udaipur-rajasthan/n4/9999px294.x294.231117170750.r7n4/catalogue/nk-events-udaipur-udaipur-surajpole-udaipur-rajasthan-balloon-decorators-dr7n4k87h7.jpg,1,1
Glorious,07383424018,,Opposite Ram Garden New Bhopalpura Bhopalpura,Vrandawan Dhham Bhopalpura,udaipur-rajasthan,4.6,66 Ratings,"Gyms, Dance Classes",24.5961354,73.7046587,313001,9999PX294.X294.140618213216.L7H9,https://www.justdial.com/Udaipur-Rajasthan/Glorious-Opposite-Ram-Garden-New-Bhopalpura-Bhopalpura/9999PX294-X294-140618213216-L7H9_BZDET,4.6,https://content.jdmagicbox.com/comp/udaipur-rajasthan/h9/9999px294.x294.140618213216.l7h9/catalogue/glorious-udaipur-city-udaipur-rajasthan-event-organisers-for-wedding-hev22jdui0.jpg;https://content.jdmagicbox.com/comp/udaipur-rajasthan/h9/9999px294.x294.140618213216.l7h9/catalogue/glorious-udaipur-city-udaipur-rajasthan-event-organisers-for-wedding-e36ffodkk3.jpg;https://content.jdmagicbox.com/comp/udaipur-rajasthan/h9/9999px294.x294.140618213216.l7h9/catalogue/glorious-udaipur-city-udaipur-rajasthan-event-organisers-for-wedding-lf3kkekzol.jpg;https://content.jdmagicbox.com/comp/udaipur-rajasthan/h9/9999px294.x294.140618213216.l7h9/catalogue/glorious-udaipur-city-udaipur-rajasthan-event-organisers-8x7mxq6.jpg;https://content.jdmagicbox.com/comp/udaipur-rajasthan/h9/9999px294.x294.140618213216.l7h9/catalogue/glorious-udaipur-city-udaipur-rajasthan-event-organisers-for-wedding-0eucb2ek1n.jpg,1,1
